Video ID,Title,Comment
skgdiqGT4gg,"C√≥mo Tomar Silicio Org√°nico Para Regeneraci√≥n De La Piel, Dolores.","Sra. Rut  me urge comprar sus libros ,  solo que yo soy de tabasco , como puedo conseguirlos"
skgdiqGT4gg,"C√≥mo Tomar Silicio Org√°nico Para Regeneraci√≥n De La Piel, Dolores.",Hola Dios la bendiga gracias por su tiempo que nos da  muy buena informaci√≥n mire mi mama tiene osteoporosis cu√°nto de silicio orogono tiene que tomar porfavor gracias ella tiene 68
skgdiqGT4gg,"C√≥mo Tomar Silicio Org√°nico Para Regeneraci√≥n De La Piel, Dolores.",Como se toma el silicio por favor
skgdiqGT4gg,"C√≥mo Tomar Silicio Org√°nico Para Regeneraci√≥n De La Piel, Dolores.","Qu√© hay para las sequedad vaginal? 
He tomado por tiempo espino amarillo de Lambert y me fue muy bien, pero que otro producto habr√≠a"
skgdiqGT4gg,"C√≥mo Tomar Silicio Org√°nico Para Regeneraci√≥n De La Piel, Dolores.","Como prevenir, infecciones de orina de repetici√≥n, por favor puede ayudarte, valoro mucho su ayuda, gracias."
skgdiqGT4gg,"C√≥mo Tomar Silicio Org√°nico Para Regeneraci√≥n De La Piel, Dolores.",Desde Argentina  muchas gracias linda Dios te Bendiga y te Cuide Siempre  un abrazo ‚ù§!!!!!!
skgdiqGT4gg,"C√≥mo Tomar Silicio Org√°nico Para Regeneraci√≥n De La Piel, Dolores.",Mil gracias roylenys. Bendiciones‚ù§üéâ
skgdiqGT4gg,"C√≥mo Tomar Silicio Org√°nico Para Regeneraci√≥n De La Piel, Dolores.",Este libro es de pamplona verdad dr. Pamplona
skgdiqGT4gg,"C√≥mo Tomar Silicio Org√°nico Para Regeneraci√≥n De La Piel, Dolores.",Yo siempre le doy su laik
skgdiqGT4gg,"C√≥mo Tomar Silicio Org√°nico Para Regeneraci√≥n De La Piel, Dolores.",buenos dias
skgdiqGT4gg,"C√≥mo Tomar Silicio Org√°nico Para Regeneraci√≥n De La Piel, Dolores.",Donde lo puedo encontrar yo soy del Estado de Chihuahua
skgdiqGT4gg,"C√≥mo Tomar Silicio Org√°nico Para Regeneraci√≥n De La Piel, Dolores.",La cola d caballo sana la Osteopenia alguien q me ayude.??
skgdiqGT4gg,"C√≥mo Tomar Silicio Org√°nico Para Regeneraci√≥n De La Piel, Dolores.",La escucho hace a√±os.
skgdiqGT4gg,"C√≥mo Tomar Silicio Org√°nico Para Regeneraci√≥n De La Piel, Dolores.",Hola Roylenis
skgdiqGT4gg,"C√≥mo Tomar Silicio Org√°nico Para Regeneraci√≥n De La Piel, Dolores.",Dios lo bendiga Roy lenis eres una benndicion
skgdiqGT4gg,"C√≥mo Tomar Silicio Org√°nico Para Regeneraci√≥n De La Piel, Dolores.",C√≥mo se llama el que es ud toma?
skgdiqGT4gg,"C√≥mo Tomar Silicio Org√°nico Para Regeneraci√≥n De La Piel, Dolores.",mmm
skgdiqGT4gg,"C√≥mo Tomar Silicio Org√°nico Para Regeneraci√≥n De La Piel, Dolores.","Qu√© guapa est√°s!!!!
Gracias por tanto!!!"
skgdiqGT4gg,"C√≥mo Tomar Silicio Org√°nico Para Regeneraci√≥n De La Piel, Dolores.",Este video no lo hab√≠a visto
skgdiqGT4gg,"C√≥mo Tomar Silicio Org√°nico Para Regeneraci√≥n De La Piel, Dolores.",Ai que follar follar follar para silicarse..
skgdiqGT4gg,"C√≥mo Tomar Silicio Org√°nico Para Regeneraci√≥n De La Piel, Dolores.",Buenos dias
skgdiqGT4gg,"C√≥mo Tomar Silicio Org√°nico Para Regeneraci√≥n De La Piel, Dolores.","Sus recetas son maravillosas, vivo en Colombia y tomo el silicio y si se consigue en pastas y en gotas. Tienen que  averiguarlo en las farmacias naturistas"
skgdiqGT4gg,"C√≥mo Tomar Silicio Org√°nico Para Regeneraci√≥n De La Piel, Dolores.","Hola Rut compre alga de diatomea que tiene silice , es lo mismo , es un polvo que cantidad tendria que tomar?"
skgdiqGT4gg,"C√≥mo Tomar Silicio Org√°nico Para Regeneraci√≥n De La Piel, Dolores.",Hola  con  pregunta  el cilicio org√°nico es en c√°psula o l√≠quido  y si son pastillas de cuanto gramos  me puede mostrar el frasco
skgdiqGT4gg,"C√≥mo Tomar Silicio Org√°nico Para Regeneraci√≥n De La Piel, Dolores.",Hola el silicio alluda para las personas diabeticos?
skgdiqGT4gg,"C√≥mo Tomar Silicio Org√°nico Para Regeneraci√≥n De La Piel, Dolores.","PRIMERO DIOS voy a comprar los libros, x q son una reliquia para dejarselo a mis nietos de herenciaüòò. Muchas gracias mi dra de cabecera. DIOS la bendiga y le de much√≠sima vida, p q nos siga ayudando con la m√©dicina natural.
¬°¬° LA MEJOR M√âDICINA DEL MUNDO!!üôèüòòüòòüôã"
skgdiqGT4gg,"C√≥mo Tomar Silicio Org√°nico Para Regeneraci√≥n De La Piel, Dolores.",Como cuanto se toma  para glaucoma me urge contesteme por favor tengo casi un a√±i  pteguntandi y no me ha contestafo me urge muchad gradias por sus videos y atenciones
skgdiqGT4gg,"C√≥mo Tomar Silicio Org√°nico Para Regeneraci√≥n De La Piel, Dolores.",Lindos v√≠deos escucho a diario para ponerme al dia.... si esta interesada en aceites esenciales young living 100% prensado en frio.....
skgdiqGT4gg,"C√≥mo Tomar Silicio Org√°nico Para Regeneraci√≥n De La Piel, Dolores.",Me tom√© uno descans√© dos cemanas ahora estoy tomando 15 mil al d√≠a es exactamente m√≠ piel exelente . gracias Royleni por compartir ..üòç
skgdiqGT4gg,"C√≥mo Tomar Silicio Org√°nico Para Regeneraci√≥n De La Piel, Dolores.",Ana Rosa Bogot√° Colombia
skgdiqGT4gg,"C√≥mo Tomar Silicio Org√°nico Para Regeneraci√≥n De La Piel, Dolores.","Hola me urge ssber donde  consigo silicio org√°nico en c√°psulas  vivo en Jalapa , Veracruz, mexico"
skgdiqGT4gg,"C√≥mo Tomar Silicio Org√°nico Para Regeneraci√≥n De La Piel, Dolores.",El mejor silicio organico se en√ßuentra en la ortiga
skgdiqGT4gg,"C√≥mo Tomar Silicio Org√°nico Para Regeneraci√≥n De La Piel, Dolores.","Buenas estoy s√∫per contenta de averte en contrato, por favorüôèüôème puedes mostrar bien en pantalla c√∫al es el aceite de onagra  con d a  üôèel q t√∫ compras pues tengo una amiga en los estados unidos y por eso quiero saber por favor,  te estar√© muy agradecida gracias besos y abrazosüíïüíã"
skgdiqGT4gg,"C√≥mo Tomar Silicio Org√°nico Para Regeneraci√≥n De La Piel, Dolores.",Buenas rut vivo en Barranquilla c√≥mo hago primero comprar la plata coloidal que usted prepara y el libro de los dolores
skgdiqGT4gg,"C√≥mo Tomar Silicio Org√°nico Para Regeneraci√≥n De La Piel, Dolores.","Hola Royleni, siiiiiiiii se escucha"
skgdiqGT4gg,"C√≥mo Tomar Silicio Org√°nico Para Regeneraci√≥n De La Piel, Dolores.","Rut, si, por favor, que el pr√≥ximo sea sin dolor."
skgdiqGT4gg,"C√≥mo Tomar Silicio Org√°nico Para Regeneraci√≥n De La Piel, Dolores.","Asi como su primer libro se llama Menopausia Libre, la saga de sus siguientes libros pueden llamarse libre de arrugas, libre de dolor libre etc. S√≥lo una sugerenc√≠a üòÉ"
skgdiqGT4gg,"C√≥mo Tomar Silicio Org√°nico Para Regeneraci√≥n De La Piel, Dolores.",Hola! Me encanta  tu canal esta muy bueno. Resulta que preparando el aceite de cola de caballo por error le puse el de rosa mosqueta a macerar. Lo da√±e?? üò¢ Respondeme por favor!!!!! Porque es que ya lo puse a macerar junto con el aceite de oliva y la cola de caballo y no sabes el trabajo que pas√© para conseguir los ingredientes. Por favor....
skgdiqGT4gg,"C√≥mo Tomar Silicio Org√°nico Para Regeneraci√≥n De La Piel, Dolores.","Dios la bendiga Roylenis
Una pregunta :
Q es el azufre org√°nico y para q sirve .. gracias de antemano bendiciones üòç"
skgdiqGT4gg,"C√≥mo Tomar Silicio Org√°nico Para Regeneraci√≥n De La Piel, Dolores.",Que me recomienda hace tiempo siento derrepente como un ligero ardor en un pecho y he hido al dr y me dicen q es por tomar mucha cafe√≠na y lo he hecho pero despu√©s de unos d√≠as me vuelve a pasar lo mismo habr√° algo q usted me recomiende hacer?
skgdiqGT4gg,"C√≥mo Tomar Silicio Org√°nico Para Regeneraci√≥n De La Piel, Dolores.",Hola sr le doy un testimonio mi familia tubieron una gran influensa pero a mi y esposito y mi no nos afexto porque tomamos de todo lo que recomiendas q Diosito te bendiga saludos
skgdiqGT4gg,"C√≥mo Tomar Silicio Org√°nico Para Regeneraci√≥n De La Piel, Dolores.","Buenas me alegro mucho el √°berte encontrado estoy muy feliz quisiera hacerte tantas preguntasüòÅpero veo q no se puede, yo tengo 54a√±os, y quiero tomar el aceite de onagra   pero en Medell√≠n no lo venden con d a, mi hermana tiene 55a√±os y ella lo consume sin d a de 500 miligramos dos veces al d√≠a esta bien as√≠üôèüíã"
skgdiqGT4gg,"C√≥mo Tomar Silicio Org√°nico Para Regeneraci√≥n De La Piel, Dolores.","Es muy cierto eso, las arruguitas se pueden quitar el aceite d recino buen√≠simo pa‚Äôeliminar las arruguitas,, much√≠simas gracias Dios la siga bendiciendo"
skgdiqGT4gg,"C√≥mo Tomar Silicio Org√°nico Para Regeneraci√≥n De La Piel, Dolores.",Muchas gracias por toda la informacion que nos regalas‚ù§Ô∏èüå∫üåπüíÆüôèüëº
skgdiqGT4gg,"C√≥mo Tomar Silicio Org√°nico Para Regeneraci√≥n De La Piel, Dolores.","Buenos videos, l√°stima que son tan largos y cansados, no he podido de ver uno completo porque se vuelven aburridos."
skgdiqGT4gg,"C√≥mo Tomar Silicio Org√°nico Para Regeneraci√≥n De La Piel, Dolores.",Saludos desde J√°ltipan Veracruz M√©xico una pregunta que es el anamu?
skgdiqGT4gg,"C√≥mo Tomar Silicio Org√°nico Para Regeneraci√≥n De La Piel, Dolores.",Buenos dias me urge se lo ruego comprar silicio ppara el glaucoma  pero el que usted  reccomienda no lo mandan a mecico no entiendo  mucho   dr refes socialed  por fVor necesito me ayude  grAsias
skgdiqGT4gg,"C√≥mo Tomar Silicio Org√°nico Para Regeneraci√≥n De La Piel, Dolores.","Hola,podria hacer tintura de anamu de igual modo que las hierbas amargas???"
skgdiqGT4gg,"C√≥mo Tomar Silicio Org√°nico Para Regeneraci√≥n De La Piel, Dolores.",remedios para el alzheimer porfavor
skgdiqGT4gg,"C√≥mo Tomar Silicio Org√°nico Para Regeneraci√≥n De La Piel, Dolores.",Para que sirve eldea
skgdiqGT4gg,"C√≥mo Tomar Silicio Org√°nico Para Regeneraci√≥n De La Piel, Dolores.",De donde usted trasmite
skgdiqGT4gg,"C√≥mo Tomar Silicio Org√°nico Para Regeneraci√≥n De La Piel, Dolores.",Gracias soy de ecuador y  no se si aca consiga esos remedios
skgdiqGT4gg,"C√≥mo Tomar Silicio Org√°nico Para Regeneraci√≥n De La Piel, Dolores.",Que es la plata coloidal y para que sirve
skgdiqGT4gg,"C√≥mo Tomar Silicio Org√°nico Para Regeneraci√≥n De La Piel, Dolores.",Hola Sra bonita!....C√≥mo se har√≠a para comprar el libro....desde Per√∫....Ojal√° me pueda ayudar....gracias D√≠os la bendiga
skgdiqGT4gg,"C√≥mo Tomar Silicio Org√°nico Para Regeneraci√≥n De La Piel, Dolores.","Sra Roylenis  como esta? una pregunta, yo encuentro el anamu en capsulas y las mayoria de hierbas en tabletas o capsulas, es lo mismo? o es mejor conseguir en hojas y hacer infusiones? gracias"
skgdiqGT4gg,"C√≥mo Tomar Silicio Org√°nico Para Regeneraci√≥n De La Piel, Dolores.",Buenas noches muchas bendiciones por tanta ayuda que nos da con plantas Medicinales gracias yo vivo en el Salvador no puedo comprar el libro
skgdiqGT4gg,"C√≥mo Tomar Silicio Org√°nico Para Regeneraci√≥n De La Piel, Dolores.",Estoy repitiendo el video xq no Tube tiempo por mi trabajo pero ya le deje mi Like y me encanta ver tus v√≠deos dios te siga bendiciendo con m√°s sabidur√≠a saludos desde New York en Long Island
skgdiqGT4gg,"C√≥mo Tomar Silicio Org√°nico Para Regeneraci√≥n De La Piel, Dolores.",Hola yo he preparado el aseite con cola de caballo ya ase como dos a√±os y me a kitado las manchas Gracias por sus videos bendiciones desde Houston texas
skgdiqGT4gg,"C√≥mo Tomar Silicio Org√°nico Para Regeneraci√≥n De La Piel, Dolores.",Hola yo he preparado el aseite con cola de caballo ya ase como dos a√±os y me a kitado las manchas Gracias por sus videos bendiciones desde Houston texas
skgdiqGT4gg,"C√≥mo Tomar Silicio Org√°nico Para Regeneraci√≥n De La Piel, Dolores.","Para la persona que dijo que su hijo sangraba muy seguido por la nariz, personalmente recomiendo llevar al ni√±o al otorrinolaringologo, porque puede ser HHT es un s√≠ndrome y en m√≠ caso tardaron mucho para diagnosticar mi paciente termin√≥ anemico y a punto de derrame cerebral porque se forman co√°gulos de sangre en los pulmones, cerebro, coraz√≥n mi paciente tiene dos cirug√≠as en pulmones y cerebro. Gracias a Dios que encontramos un buen especialista porque con remedios caseros no fue suficiente."
skgdiqGT4gg,"C√≥mo Tomar Silicio Org√°nico Para Regeneraci√≥n De La Piel, Dolores.",Le puedo dar a un adolescente de 15 a√±os le gusta mucho correr gracias por su respuesta.
skgdiqGT4gg,"C√≥mo Tomar Silicio Org√°nico Para Regeneraci√≥n De La Piel, Dolores.",Otro medio para que llegue a M√©xico puede ser por e bay o mercado libre.muy buen video la felicito de el Paso Texas
skgdiqGT4gg,"C√≥mo Tomar Silicio Org√°nico Para Regeneraci√≥n De La Piel, Dolores.",Buenas noches se√±ora Rut  quisiera ver si aqui en panam√° en donde se puede comprar el cilisio organico ya q no puedo comprarlo en Amazon.   Muchas gracias espero me esponda.
skgdiqGT4gg,"C√≥mo Tomar Silicio Org√°nico Para Regeneraci√≥n De La Piel, Dolores.",Buena noche sra Ruth no alcance  aver  el directo  x el trabaj√≥  lo estoy viendo en este momento me parece excelente   el cilicio  lo voy  a comprar su explicaci√≥n  excelente  mil gracias colombia
skgdiqGT4gg,"C√≥mo Tomar Silicio Org√°nico Para Regeneraci√≥n De La Piel, Dolores.",Hola Doctora   bella saludos
skgdiqGT4gg,"C√≥mo Tomar Silicio Org√°nico Para Regeneraci√≥n De La Piel, Dolores.",Donde lo puedo comprar el silisio x q no lo puedo encontrar
skgdiqGT4gg,"C√≥mo Tomar Silicio Org√°nico Para Regeneraci√≥n De La Piel, Dolores.",Hay q descansar para tomar el magnesuo
skgdiqGT4gg,"C√≥mo Tomar Silicio Org√°nico Para Regeneraci√≥n De La Piel, Dolores.",Pr√°cticamente los q tienen andemos a esos libros son de Estados Unidos eres por q aqu√≠ en Medell√≠n no q lastima
skgdiqGT4gg,"C√≥mo Tomar Silicio Org√°nico Para Regeneraci√≥n De La Piel, Dolores.","Hola Roylin, gracias por todos tus conocimientos, me han ayudado, quisiera que me orientaras para que sirve y como se husa el aceite de COPAIBA,o la planta en si, por tu atenci√≥n mil gracias,  espero pronto tu respuesta, Dios te bendiga"
skgdiqGT4gg,"C√≥mo Tomar Silicio Org√°nico Para Regeneraci√≥n De La Piel, Dolores.","Buenas soy de Medell√≠n y no encuentro  el aceite de  de onagra con d a tengo 54 a√±o lo vende  pero sin d a, tu me dijiste q en Medell√≠n se encontraba  me
Q me ibas a decir el n√∫mero t√©lefonico  y hasta ahora no me lo as mandado muchas gracias"
skgdiqGT4gg,"C√≥mo Tomar Silicio Org√°nico Para Regeneraci√≥n De La Piel, Dolores.",Para M√©xico Amazon no tiene entregas de cu√°l otro puedo tomar ??? Por favor si me dices de qu√© manera solucionarlo me urge tomarlo
skgdiqGT4gg,"C√≥mo Tomar Silicio Org√°nico Para Regeneraci√≥n De La Piel, Dolores.",Hola desde cd de M√©xico üá≤üáΩ
skgdiqGT4gg,"C√≥mo Tomar Silicio Org√°nico Para Regeneraci√≥n De La Piel, Dolores.",La calaguala para desmanchar la cara de pa√±o no la puedo encontrar alguien q me ayude con q otro nombre la puedo encontrar x favor soy de culiacan sinaloa
skgdiqGT4gg,"C√≥mo Tomar Silicio Org√°nico Para Regeneraci√≥n De La Piel, Dolores.",Bendiciones Roylin desde costa Rica
skgdiqGT4gg,"C√≥mo Tomar Silicio Org√°nico Para Regeneraci√≥n De La Piel, Dolores.",Hola preciosa bendiciones.
2U1-BP7WKOQ,"Webinar Gratuito: Silicio, un aliado importante para un mejor rendimiento","SALUDOS  DESDE TAXCO DE ALARCON GUERRERO, MEXICO"
2U1-BP7WKOQ,"Webinar Gratuito: Silicio, un aliado importante para un mejor rendimiento",es √†cico sil√¨cico estabilizado  o  √†cido ortosil√¨cico?
2U1-BP7WKOQ,"Webinar Gratuito: Silicio, un aliado importante para un mejor rendimiento",Gracias dra. ANA. TE CONTACTARE POR EMAIL
2U1-BP7WKOQ,"Webinar Gratuito: Silicio, un aliado importante para un mejor rendimiento",Muchas gracias y felicidades por la excelente presentaci√≥n y explicaci√≥n
2U1-BP7WKOQ,"Webinar Gratuito: Silicio, un aliado importante para un mejor rendimiento","El cobre , el n√≠quel y el cobalto no tienen efectos antag√≥nicos con el silicio? Todos ellos son suficientes en el suelo nunca est√°n en falta"
2U1-BP7WKOQ,"Webinar Gratuito: Silicio, un aliado importante para un mejor rendimiento","El concepto o definici√≥n de nutriente vegetal utilizado es actual , pudiera decirme la fuente o el autor?"
2U1-BP7WKOQ,"Webinar Gratuito: Silicio, un aliado importante para un mejor rendimiento",Saludos desde Cuba. Excelente propuesta para mis clases de Agroqu√≠mica.
JsDF-gwcEKI,"Silicio y proca√≠na, los mejores antienvejecimiento","Doctor ustedes tienen en venta el silicio y gerovital H,3"
JsDF-gwcEKI,"Silicio y proca√≠na, los mejores antienvejecimiento",Gracias dr Eric ‚ù§
JsDF-gwcEKI,"Silicio y proca√≠na, los mejores antienvejecimiento",Doc dijo tres medicamentos silicio vitamina c y procaina los tres intramuscular?
JsDF-gwcEKI,"Silicio y proca√≠na, los mejores antienvejecimiento",Seria selenio vitamina c y procaina?
JsDF-gwcEKI,"Silicio y proca√≠na, los mejores antienvejecimiento",La proca√≠na es para reducir el dolor del silicio? Gracias Doctor. Espero pueda contestar.
JsDF-gwcEKI,"Silicio y proca√≠na, los mejores antienvejecimiento",Cual es el video que habla de la manzana
JsDF-gwcEKI,"Silicio y proca√≠na, los mejores antienvejecimiento",Cost√≥ del curso masoterapia
JsDF-gwcEKI,"Silicio y proca√≠na, los mejores antienvejecimiento",Que precio tiene el silicio org√°nico y si lo mandan  a domicilio
JsDF-gwcEKI,"Silicio y proca√≠na, los mejores antienvejecimiento",Donde tienes tu consultorio??
JsDF-gwcEKI,"Silicio y proca√≠na, los mejores antienvejecimiento",Hola dc como se infiltra en el rostro en forma de barrido o en papula
JsDF-gwcEKI,"Silicio y proca√≠na, los mejores antienvejecimiento",El si dice todo sin tapujos gracias doc
JsDF-gwcEKI,"Silicio y proca√≠na, los mejores antienvejecimiento",Gracias doc ‚ù§
JsDF-gwcEKI,"Silicio y proca√≠na, los mejores antienvejecimiento","Padrisima explicaci√≥n , me encanto Felicidades"
JsDF-gwcEKI,"Silicio y proca√≠na, los mejores antienvejecimiento",Ingormacion de cursos
JsDF-gwcEKI,"Silicio y proca√≠na, los mejores antienvejecimiento",Donde se puede conseguir la procaina y el silicio ??
JsDF-gwcEKI,"Silicio y proca√≠na, los mejores antienvejecimiento",La procaina sirve la del 2%?
JsDF-gwcEKI,"Silicio y proca√≠na, los mejores antienvejecimiento","Cu√°l es la proca√≠na que usted dice y d√≥nde se puede conseguir?
estoy en Colombia"
JsDF-gwcEKI,"Silicio y proca√≠na, los mejores antienvejecimiento",En facebook no me salen las notificaciones
JsDF-gwcEKI,"Silicio y proca√≠na, los mejores antienvejecimiento",Gracias üôèüôèüôèüôè
JsDF-gwcEKI,"Silicio y proca√≠na, los mejores antienvejecimiento",‚ù§
JsDF-gwcEKI,"Silicio y proca√≠na, los mejores antienvejecimiento",La facilidad de obtener esas medicinas dr. Por favor gracias
JsDF-gwcEKI,"Silicio y proca√≠na, los mejores antienvejecimiento",Dr. Y cu√°nto cuesta esa medicina silic√≥n y procains
JsDF-gwcEKI,"Silicio y proca√≠na, los mejores antienvejecimiento",Buenas tardes cu√°l es el precio de mesoterapia facial. Y qu√© requisito son necesarios gracias
JsDF-gwcEKI,"Silicio y proca√≠na, los mejores antienvejecimiento",Dr. Porfavor conteste las preguntas
JsDF-gwcEKI,"Silicio y proca√≠na, los mejores antienvejecimiento",Gracias por sus atenciones Gilberto desde parras Coahuila saludos
JsDF-gwcEKI,"Silicio y proca√≠na, los mejores antienvejecimiento",Ok .te seguir√©..me da mucha seguridad tu experiencia..y tus consejos..
JsDF-gwcEKI,"Silicio y proca√≠na, los mejores antienvejecimiento",DC donde encuentro el silicio
JsDF-gwcEKI,"Silicio y proca√≠na, los mejores antienvejecimiento",Quiero aprender mas
JsDF-gwcEKI,"Silicio y proca√≠na, los mejores antienvejecimiento",Donde puedo encontrar el silicio
JsDF-gwcEKI,"Silicio y proca√≠na, los mejores antienvejecimiento",Me interesa x favor
JsDF-gwcEKI,"Silicio y proca√≠na, los mejores antienvejecimiento",nos hablas de procaina  pero cual seria la adecuada   al .7%   al 1 %  o al 2%
JsDF-gwcEKI,"Silicio y proca√≠na, los mejores antienvejecimiento",Como conseguir los productos
JsDF-gwcEKI,"Silicio y proca√≠na, los mejores antienvejecimiento",Gracias por compartir
JsDF-gwcEKI,"Silicio y proca√≠na, los mejores antienvejecimiento",Hola me interesa saber d√≥nde te encuentras me interesa aprender me puedes dar informacion
JsDF-gwcEKI,"Silicio y proca√≠na, los mejores antienvejecimiento",Hola Dr. La mezcla de silicio org√°nico m√°s procaina se hace en la misma jeringa ?  Gracias.
JsDF-gwcEKI,"Silicio y proca√≠na, los mejores antienvejecimiento",Me puede dar informes si usted lo puede enviar? Procaina al 1% o al  2% con silicio org√°nico?
JsDF-gwcEKI,"Silicio y proca√≠na, los mejores antienvejecimiento",de que edad sirve esto doctor
JsDF-gwcEKI,"Silicio y proca√≠na, los mejores antienvejecimiento",Tremendo conocimiento de la Vientiane biologica y sus efectoz..  felicidades medico. Mas cientificos Como tu hacen fantastic a la humanidad... bendiciones!!
JsDF-gwcEKI,"Silicio y proca√≠na, los mejores antienvejecimiento",Dondecompro  dr eso
JsDF-gwcEKI,"Silicio y proca√≠na, los mejores antienvejecimiento","ùöÑùöóùöä ùöôùöõùöéùöêùöûùöóùöùùöä:
La PROCAINA al cu√°nto% ???"
JsDF-gwcEKI,"Silicio y proca√≠na, los mejores antienvejecimiento",Buenos d√≠as me interesa d√≥nde lo puedo contactar?
JsDF-gwcEKI,"Silicio y proca√≠na, los mejores antienvejecimiento",Gracias Doc ...Bendiciones !!
JsDF-gwcEKI,"Silicio y proca√≠na, los mejores antienvejecimiento",Doc buenos dias yo puedo aplicar 3 ml de sangre m√°s 2 ml de procaina IM.
JsDF-gwcEKI,"Silicio y proca√≠na, los mejores antienvejecimiento",Hola DC como ago para saber cuanto cuesta el productos gracias DC saludo desde Colombia gracias
JsDF-gwcEKI,"Silicio y proca√≠na, los mejores antienvejecimiento","Gracias Dc   eres lo mejor,,"
JsDF-gwcEKI,"Silicio y proca√≠na, los mejores antienvejecimiento",Doctor el silicio y procaina tambi√©n lo puedo utilizar en iv?
JsDF-gwcEKI,"Silicio y proca√≠na, los mejores antienvejecimiento",Donde se consiguen esas inyecciones info por favor
JsDF-gwcEKI,"Silicio y proca√≠na, los mejores antienvejecimiento",Amigo muy buen video saludes desde Colombia....
JsDF-gwcEKI,"Silicio y proca√≠na, los mejores antienvejecimiento",Sobre disfuncion sexual como tratan saludes desde Colombia. ....
JsDF-gwcEKI,"Silicio y proca√≠na, los mejores antienvejecimiento",Saludo desde Venezuela Brasil. Puedes poner aqu√≠ para fazer  in cara.
JsDF-gwcEKI,"Silicio y proca√≠na, los mejores antienvejecimiento",Buen d√≠a ‚òÄÔ∏è soy de Venezuela doc! C√≥mo debe saber aqu√≠ falla mucho las medicinas.... D√≥nde lo consigo??? Gracias de antemano üôè
JsDF-gwcEKI,"Silicio y proca√≠na, los mejores antienvejecimiento",Donde se consiguen?
JsDF-gwcEKI,"Silicio y proca√≠na, los mejores antienvejecimiento",EXELENTE DOC FAVORITO üôèüëç
-DxaHiJkHD8,&quot;Silicio (Si) - importancia y funciones en el suelo y la planta&quot;,"Realic√© un ensayo biol√≥gico con sorgo en un suelo √°cido, utilizando dos fuentes de silicio (silicato de potasio y ceniza de cascarilla de arroz). Sin embargo, no obtuve una respuesta significativa en t√©rminos de biomasa. Mi pregunta es: ¬øEl silicio presente en la ceniza de cascarilla de arroz est√° en una forma disponible para las plantas? ¬øC√≥mo puedo determinarlo? Gracias. Saludos"
-DxaHiJkHD8,&quot;Silicio (Si) - importancia y funciones en el suelo y la planta&quot;,Excelente trabajo.teneis ensallos en el olivar . porque cuando llega el verano los olivares lo pasan muy mal tendr√≠an beneficios con este producto v√≠a foliar gracias
-DxaHiJkHD8,&quot;Silicio (Si) - importancia y funciones en el suelo y la planta&quot;,Excelente programa. Muchas gracias por compartir valiosos conocimientos.
-DxaHiJkHD8,&quot;Silicio (Si) - importancia y funciones en el suelo y la planta&quot;,Excelente programa. Muchas gracias por compartir valiosos conocimientos.
YSdl2f33spU,El Silicio Org√°nico Y El Dolor Articular,Ya  me ise la  limpieza epatica
YSdl2f33spU,El Silicio Org√°nico Y El Dolor Articular,Por favor decir la presentaci√≥n del silicio org√°nico si es en polvo o en gotas gracias
YSdl2f33spU,El Silicio Org√°nico Y El Dolor Articular,Y para la Neuropatia Perif√©rica que podre tomar üòÖ
YSdl2f33spU,El Silicio Org√°nico Y El Dolor Articular,Dra. Gracias
YSdl2f33spU,El Silicio Org√°nico Y El Dolor Articular,Dra slds
YSdl2f33spU,El Silicio Org√°nico Y El Dolor Articular,"Como hay que tomar el silicio org√°nico, orgono ?"
YSdl2f33spU,El Silicio Org√°nico Y El Dolor Articular,Gracias
YSdl2f33spU,El Silicio Org√°nico Y El Dolor Articular,Nesecito su n√∫mero de tel para comunicarme con ud
YSdl2f33spU,El Silicio Org√°nico Y El Dolor Articular,De. Chile un saludoüá®üá±
YSdl2f33spU,El Silicio Org√°nico Y El Dolor Articular,Dios los bendiga sra Ruth un en saludarte me gusta su programa quiero sabe q puedo tomar x q cuando ago alg√∫n esfuerzo me sale pipi
YSdl2f33spU,El Silicio Org√°nico Y El Dolor Articular,gracias por sus consejos  sra bonita
YSdl2f33spU,El Silicio Org√°nico Y El Dolor Articular,Yo aprendi un remedio de Los mayas en un litro imedio de agua se pone 4 ramas de chanca piedra  se pone un poco de cabello de elote una papa pelada y cortada en pedazos todo se hierve se toma una taza en la ma≈Ñana y otra en la tarde alos 3  dias se siente la diferiencia este te es para artojar Las piedtras de ri√±on o visicula Los mayas heran y son buenos en conocimiento de la herbolaria  Dios Los bendiga primero la fe en Dios
YSdl2f33spU,El Silicio Org√°nico Y El Dolor Articular,"Gracias Roy lenis,me detectaron artrosis y se que mi fe y tu ayuda har√° que me Cure de esta enfermedad."
YSdl2f33spU,El Silicio Org√°nico Y El Dolor Articular,"Hola Sra . Ruth  usted cree que el silicio org√°nico me sirva para un quiste ganglionar que me sali√≥ en la mu√±eca de mi mano derecha. Me provoca much√≠simo dolor e incapacidad para poder trabajar ya que es en mano derecha. 
Agradezco de antemano su informaci√≥n. Dios le bendiga"
YSdl2f33spU,El Silicio Org√°nico Y El Dolor Articular,Hola como se puede hacer miembro?
YSdl2f33spU,El Silicio Org√°nico Y El Dolor Articular,Kiero preguntarle rolys ay algo para salir en embarazada  estando operada hace 29 a√±os y con 54 a√±os de edad y sin periodo la operaci√≥n ke me hicieron  cortaron las trompas y amarraron tengo esa duda se podra?
YSdl2f33spU,El Silicio Org√°nico Y El Dolor Articular,Hola rolys puede a ver algo natural para kitar derrames leves en las rodillas?
YSdl2f33spU,El Silicio Org√°nico Y El Dolor Articular,Boy quiero su libro donde lo consigo
YSdl2f33spU,El Silicio Org√°nico Y El Dolor Articular,Nbunas tardes  soy de San Antonio Texas quiero comprar su libro me gustas mucho sus videos
YSdl2f33spU,El Silicio Org√°nico Y El Dolor Articular,"Me encanta escucharla,tomo la cola de caballo y la u√±a de gato y me ha quitado el dolor del nervio ci√°tico,el de cadera y rodillas,Dios la bendiga y la ilumine siempre para que siga haciendo tan hermosa labor por nuestra salud."
YSdl2f33spU,El Silicio Org√°nico Y El Dolor Articular,Una seguidora m√°s. Saludos
YSdl2f33spU,El Silicio Org√°nico Y El Dolor Articular,Hola buenas noches se√±ora bonita tengo 57 a√±os y me estan saliendo muchisimas verruguitas en el cuello no se porque que puedo h acer para que  me  dejen de salir y para que se me desaparescan las que me han salido. De antemano gracis y espero su respuesta por favor ayudeme besitos
YSdl2f33spU,El Silicio Org√°nico Y El Dolor Articular,"Que estafa, el silicio no sirve."
YSdl2f33spU,El Silicio Org√°nico Y El Dolor Articular,Gracias por compartir con nosotros todas esas imformaciones lidia desde new York yo me siento mejor tomando moringa y cola de caballo
YSdl2f33spU,El Silicio Org√°nico Y El Dolor Articular,Hola guapa gracias por tus recetas consejos dios te bendiga
YSdl2f33spU,El Silicio Org√°nico Y El Dolor Articular,Como se toma el silicio org√°nico  y en k viene c√°psulas o en l√≠quido por favor contestarme por wuasap  mi n√∫mero es 699696063 mi nombre Ana Luisa  gracias
YSdl2f33spU,El Silicio Org√°nico Y El Dolor Articular,Saludos desde La Paz baja  California sur me encanta su informaci√≥n!!!
YSdl2f33spU,El Silicio Org√°nico Y El Dolor Articular,Alguien consigui√≥ el silicio en tiendas de EU gracias ‚ù£Ô∏è?
YSdl2f33spU,El Silicio Org√°nico Y El Dolor Articular,Hola Roylenis la  plata coloidal tiene efectos secundarios porque el farmac√©utico me dijo que grandes dosis causa piel azul eso es cierto üòû?
YSdl2f33spU,El Silicio Org√°nico Y El Dolor Articular,Saludos desde Uruguay me gusta mucho sus recetas gracias
YSdl2f33spU,El Silicio Org√°nico Y El Dolor Articular,Feliz d√≠a de la madres saludos
YSdl2f33spU,El Silicio Org√°nico Y El Dolor Articular,Hola saludos desde Sur Carolina
YSdl2f33spU,El Silicio Org√°nico Y El Dolor Articular,"Saludos de Los Angeles , Soy de Nicaragua ,  Yo uso eBay y ahi compro mis cosas , hace Poco compre pastillas de Curcuma de 1500 U  para los dolores de Las coyunturas, artritis en mano izq , dolor de rodillas , tengo 53 ,  y pastillas de Espirulina para el.peso , no estoy Gorda pero para controlar El apetito , me falta comprar la Plata Colloidal , Hierbas Amargas , Orgono y otros mas que comprare poco a poco , Gracias por sus consejos en todos sus videos y recomendaciones de que tomar para mejorar nuestra salud , sus Videos estan siendo de gran ayuda para mi y todos los que le seguimos ."
YSdl2f33spU,El Silicio Org√°nico Y El Dolor Articular,Hola se√±ora Roylenis gusto saludarla vivo en USA me gustaria tener comunicacion con usted tengo artritis reumatoides y me gustaria su auyda para que me de informacion como tratarme
YSdl2f33spU,El Silicio Org√°nico Y El Dolor Articular,Hola hermosa  gracias por tu videos me son mu interesantes pero en Mexico no los venden me podrias decir a donde los puedo comprar? Gracias bendiciones üòòüòçüëè
YSdl2f33spU,El Silicio Org√°nico Y El Dolor Articular,"Yo te  sigo  siempre  y tengo mucha fe en tu, gracias  por compartir sus  conocimentos  , me have cambiado la vida ‚öò"
YSdl2f33spU,El Silicio Org√°nico Y El Dolor Articular,üôãüèª‚Äç‚ôÄÔ∏èüëç‚ù§Ô∏èMuchas gracias por ayudarnos canal siento mucho no poderla ver en vivo porque ya trabajo hoy y se me complica pero aqu√≠ estoy presente que Dios la bendigaÔøº
YSdl2f33spU,El Silicio Org√°nico Y El Dolor Articular,Hola tengo tu libro y estoy muy contenta  dios te bendiga por toda la ayuda que nos das!!
YSdl2f33spU,El Silicio Org√°nico Y El Dolor Articular,Otra cosita vivo Medell√≠n Colombia tengo 55 a√±os y quiero las c√°psulas de onagrad con d a no lo venden con d-a
YSdl2f33spU,El Silicio Org√°nico Y El Dolor Articular,Ruth bendito d√≠a. Ojal√° y puedas orientarme Soy de MEXICO. üá≤üáΩy el link de Amazon que dejas para comprar el Silicio dice que No tiene entregas a M√©xico. Te quiero preguntar si hay alguna otra marca  ?
YSdl2f33spU,El Silicio Org√°nico Y El Dolor Articular,"Hola Roylenis, 
Que me recomienda para una √∫lcera cr√≥nica para una se√±ora de casi 70 a√±os
Y con que lo puede complementar, 
Porfavor,  ay√∫deme con su consejo.  Dios le siga BENDICIENDO"
YSdl2f33spU,El Silicio Org√°nico Y El Dolor Articular,"Buenas, pu√©s hace poco te encontr√©, quisiera hablar por chat, pero los v√≠deos me llegan tardeüíûüò≠"
YSdl2f33spU,El Silicio Org√°nico Y El Dolor Articular,"Hola mi nombre es Esther...soy tu seguidora,Eres una bendici√≥n para la humanida,yo te veo  en mi tv y ah√≠ no te puedo dar like pero luego voy al cell y con mucho gusto lo hago,te aprecio mucho y te considero  un √°ngel sobre la tierra  Gracias!!!"
YSdl2f33spU,El Silicio Org√°nico Y El Dolor Articular,Si se escucha bien en NY
YSdl2f33spU,El Silicio Org√°nico Y El Dolor Articular,Gracias
YSdl2f33spU,El Silicio Org√°nico Y El Dolor Articular,"Hola Royleni, me encanta todo lo que tu haces y recomiendas ,pero crees que no es muchos suplementos y medicamentos para el cuerpo,  te pregunto porque a mi me duele mucho las articulaciones,  sobre todo mis manos, cadera, rodillas, que puedo hacer o tomar.
Ahora yo encontr√© c√°psulas de moringa, me las recomiendas y de cuantos miligramos?
D√≠os te bendiga hoy y siempre. 
Por tu atenci√≥n mil gracias. 
Espero tu respuesta y sigo en tu canal con tus concejos y ayuda.
Perd√≥n otra pregunta 
A mi me dio una trombosis ocular y se desvi√≥ mi ojo, que me aconcejas, no me gusta verme as√≠, üò≠"
YSdl2f33spU,El Silicio Org√°nico Y El Dolor Articular,Hola Ruth soy de New Jersey y la zona donde vivo hay un negocio de productos naturales y todo lo venden car√≠simo gracias ahora puedo comprar en Amazon m√°s econ√≥mico no te creas que porque es Estados Unidos venden Barato aqu√≠ los productos naturales y org√°nicos son lo m√°s caro qu√© hay los vegetales son car√≠simos cuando son org√°nicos Gracias por tus consejos personas como t√∫ hacen falta sobre la Faz de la tierra espero que hagas el video de par√°lisis Facial Que Diosito te Bendiga y te de mucha salud para seguir ayudando Alos dem√°s gracias
YSdl2f33spU,El Silicio Org√°nico Y El Dolor Articular,"Sra. üéäRoylenis feliz dia de las üïäMADRES,üïäy Felicidadesüí´ ABUELITAüë∂üê£‚òÑ"
YSdl2f33spU,El Silicio Org√°nico Y El Dolor Articular,hola como esta nueva mente le pregunto sobre que se le puede dar a una √±i√±a que tiene 10 a√±os y ya enferma y tiene las hormonas muy alborotadas eso nos tiene muy preoucupadas le agradesco su recomensacion  muchas gracias
YSdl2f33spU,El Silicio Org√°nico Y El Dolor Articular,Saludos desde Houston
YSdl2f33spU,El Silicio Org√°nico Y El Dolor Articular,Hola Roynelis . que me recomienda  para un adolecetnte .en el cuero cabelludo le aparecio una parte que no le crese pelo es como una moneda redonda .le agradesco
YSdl2f33spU,El Silicio Org√°nico Y El Dolor Articular,"Otra cosa miss, Rolys que me recomienda para el ardor en la planta de los pies? qu√© Dios le bendiga"
YSdl2f33spU,El Silicio Org√°nico Y El Dolor Articular,"Sra Ruth el audio no est√° bien,  se escucha con mucho retorno"
YSdl2f33spU,El Silicio Org√°nico Y El Dolor Articular,"Hola miss, Rolys, una pregunta se puede hacer bicicleta fija aunque rechinan las rodillas dolor y ardor, felicidades como siempre saludos desde Puebla pue"
YSdl2f33spU,El Silicio Org√°nico Y El Dolor Articular,"HOLA, PLANTAS Y MEDICINALES DE ROYLENIS YA ME QUITE LAS CATARATAS Y LOS LENTES SOLO CON MIEL Y ALGUNAS HIERBAS 5550828301 ING.BARROS EN MEX.-SON MUY IMPORTANTES LOS JUGOS PARA UNA RAPIDA SANACION DINDE PODEMOS ORDENAR ALGUNOS LIBROS WHATS.-5514448866 GRAZIAS Y TE SEGUIREMOS"
YSdl2f33spU,El Silicio Org√°nico Y El Dolor Articular,hola Roylenis buenas noches disculpa k me recomiendas para el insomnio saludos desde mexico
YSdl2f33spU,El Silicio Org√°nico Y El Dolor Articular,Hola saludos desde( tenesi) Tennessee
YSdl2f33spU,El Silicio Org√°nico Y El Dolor Articular,"Hola Royleni , una pregunta  en que docis se to.a el cilicio, gracias  por este video , que se le puede dar a un ni√±o de 9 a√±os  que lo diagnosticaron co. Deabetis y le est√°n poniendo insulina,"
YSdl2f33spU,El Silicio Org√°nico Y El Dolor Articular,"Gracias,    por tan importante  informaci√≥n. 
saludos. 
Colombia."
YSdl2f33spU,El Silicio Org√°nico Y El Dolor Articular,Ruth hermosa quer√≠a preguntarte mi nieto tiene 8 a√±os y muy seguido se enferma de infecci√≥n del o√≠do y garganta cuando estava m√°s chiquito le pusieron tuvitos en los o√≠dos y siempre est√° tomando antibi√≥tico que puedo aser gracias por todo
YSdl2f33spU,El Silicio Org√°nico Y El Dolor Articular,Hola linda se escucha Vien
YSdl2f33spU,El Silicio Org√°nico Y El Dolor Articular,Como encuentro su libro soy de Per√∫
YSdl2f33spU,El Silicio Org√°nico Y El Dolor Articular,Dalufos desde Ecuador
YSdl2f33spU,El Silicio Org√°nico Y El Dolor Articular,Yo busqu√© el libro y no lo encuentro en el estado de Veracruz
YSdl2f33spU,El Silicio Org√°nico Y El Dolor Articular,Se escucha bien amiga Veracruz M√©xico
YSdl2f33spU,El Silicio Org√°nico Y El Dolor Articular,"Saludos desde olanchito todo, Homduras"
YSdl2f33spU,El Silicio Org√°nico Y El Dolor Articular,Saludos desde La Chorrera
l8FYxuHWXm8,Silicio como Bioestimulante en cultivos,excelente exposicion desde Per√∫ siempre atentos a sus exposiciones...un abrazo
l8FYxuHWXm8,Silicio como Bioestimulante en cultivos,"Favor especificar y diga c√≥mo,  cuando, dosis y formas de aplicaci√≥n antes y durante la siembra y mediante el crecimiento hasta la cosecha en cualquier producto??????"
l8FYxuHWXm8,Silicio como Bioestimulante en cultivos,El silicio es lo mismo que tierras diatomeas??? Cu√°ntas clases de diatomeas existen??
l8FYxuHWXm8,Silicio como Bioestimulante en cultivos,"Me podr√≠a pasar los art√≠culos o literaturas de esas investigaciones por favor, me interesa saber m√°s"
l8FYxuHWXm8,Silicio como Bioestimulante en cultivos,Elcilico  kesirbe para el melon
l8FYxuHWXm8,Silicio como Bioestimulante en cultivos,Las tierras de diatomeas tambi√©n son silicio .
l8FYxuHWXm8,Silicio como Bioestimulante en cultivos,Buenas noches ingeniero saludos desde San Crist√≥bal estado T√°chira Venezuela tengo una mina de silicio me gustar√≠a saber con su experiencia volver soluble el silicio o la fosforita
l8FYxuHWXm8,Silicio como Bioestimulante en cultivos,Donde venden ese producto en panama ?
l8FYxuHWXm8,Silicio como Bioestimulante en cultivos,"Hola. es un gusto Ingeniero.
Muy buen trabajo. Gracias.
Saludos cordiales y a las √≥rdenes.
Ing. Agr. Javier N√∫√±ez."
l8FYxuHWXm8,Silicio como Bioestimulante en cultivos,Impecable!
l8FYxuHWXm8,Silicio como Bioestimulante en cultivos,"DR. MANUEL I. G√ìMEZ S√ÅNCHEZ: ES UNA EXPOSICI√ìN MARAVILLOSA DEL SILICIO , PUES LA EXPLICACI√ìN DE LA EVOLUCI√ìN DE √âSTE ELEMENTO EN EL SUELO HASTA EL USO Y FUNCION EN LA PLANTA.MUCHAS FELICIDADES.ESTARE PENDIENTE DE LAS SIGUIENTE EXPORTACI√ìN."
l8FYxuHWXm8,Silicio como Bioestimulante en cultivos,"estoy usando slicio mineral en forma de polvo fino, que dosis es recomendabe usar por ha en ca√±a de azucar?"
l8FYxuHWXm8,Silicio como Bioestimulante en cultivos,"Tiene todo que ver con la teor√≠a de la Trofobiosis .

"" Si un agricultor consigue un equilibrio nutricional en sus cultivos , las plagas y enfermedades mueren de hambre .  """
l8FYxuHWXm8,Silicio como Bioestimulante en cultivos,"Muy bien Hombre .
La agricultura es todo una ciencia , tambi√©n una cultura en torno a agro ."
l8FYxuHWXm8,Silicio como Bioestimulante en cultivos,excelente
l8FYxuHWXm8,Silicio como Bioestimulante en cultivos,Gracias pues amigos de ingeplas
89cmbdwgg7w,Beneficios del silicio en la piel,Tres minutos y medio y no empieza el tema
89cmbdwgg7w,Beneficios del silicio en la piel,Se puede colocar endovenoso con solucion salina en suero
89cmbdwgg7w,Beneficios del silicio en la piel,se puede inyectar el silicio intramuscular?
89cmbdwgg7w,Beneficios del silicio en la piel,Donde puedo encontrar la crema  y pastillas. De silicio
89cmbdwgg7w,Beneficios del silicio en la piel,D√≥nde lo puedo comprar?
89cmbdwgg7w,Beneficios del silicio en la piel,Muy bueno el silicio para la flacidez
89cmbdwgg7w,Beneficios del silicio en la piel,"Yo Tengo deficiencia comprobada de silicio 
Quiero saber fuera de ciertos alimentos como se puede adquirir"
89cmbdwgg7w,Beneficios del silicio en la piel,Las inyecciones de silicio para osteoporosis funciona?
89cmbdwgg7w,Beneficios del silicio en la piel,Hola
89cmbdwgg7w,Beneficios del silicio en la piel,Se puede inyectar en pieles maduras
89cmbdwgg7w,Beneficios del silicio en la piel,Como se inyecta el silicio en la piel ???
ySlfzy__ftk,Uso del Silicio en la agricultura,"La mejor forma de asimilaci√≥n v√≠a foliar y riego es el √°cido ortosil√≠cico, mucho m√°s eficiente que diatomeas y silicatos. El mejor producto de √°cido ortosil√≠cico es Eckosil de ASFERTGLOBAL."
ySlfzy__ftk,Uso del Silicio en la agricultura,"Que tal amigo, muy buena informaci√≥n en tu canal.
Una pregunta es bueno el diatomix y como se aprovecha m√°s en la tierra o v√≠a foliar?"
ySlfzy__ftk,Uso del Silicio en la agricultura,Buen d√≠a es igual la tierra de diatomeas al silicio o hay una diferencia
ySlfzy__ftk,Uso del Silicio en la agricultura,Hola que hago si ya tiene hlb mis limones
ySlfzy__ftk,Uso del Silicio en la agricultura,La tierra de diatomeas c√≥mo fuente de silicio es asimilable v√≠a foliar?
B3fkiOratbw,"16. EL SILICIO,  LA ALIMENTACI√ìN ANCESTRAL Y LA ALIMENTACI√ìN MODERNA |  DOMINGO DE HUERTOS",Empieza: 2:50
PTdZs7ne75w,#Econom√≠aSocial | Silicio blinda a Taiw√°n de China y EU. M√©xico ser√° estrat√©gico en¬†guerra¬†de¬†chips,Saludos y excelente analisis Claudia.
PTdZs7ne75w,#Econom√≠aSocial | Silicio blinda a Taiw√°n de China y EU. M√©xico ser√° estrat√©gico en¬†guerra¬†de¬†chips,que buenos programas
PTdZs7ne75w,#Econom√≠aSocial | Silicio blinda a Taiw√°n de China y EU. M√©xico ser√° estrat√©gico en¬†guerra¬†de¬†chips,Gracias por tu trabajo Claudia. Muy valiosa tu contribuci√≥n. üôèüèº
PTdZs7ne75w,#Econom√≠aSocial | Silicio blinda a Taiw√°n de China y EU. M√©xico ser√° estrat√©gico en¬†guerra¬†de¬†chips,"Claudia, que tratado es donde obliga a Mexico a proveer agua a Estados Unidos, como se llama?"
PTdZs7ne75w,#Econom√≠aSocial | Silicio blinda a Taiw√°n de China y EU. M√©xico ser√° estrat√©gico en¬†guerra¬†de¬†chips,"Felicidades por su excelente programa, que nos ayuda a entender  todo lo que pasa en la econom√≠a y como nos afecta a todos los ciudadanos."
PTdZs7ne75w,#Econom√≠aSocial | Silicio blinda a Taiw√°n de China y EU. M√©xico ser√° estrat√©gico en¬†guerra¬†de¬†chips,‚ù§Ô∏è
PTdZs7ne75w,#Econom√≠aSocial | Silicio blinda a Taiw√°n de China y EU. M√©xico ser√° estrat√©gico en¬†guerra¬†de¬†chips,Excelente tema. qu√© interesante.  Felicidades¬°¬°
PTdZs7ne75w,#Econom√≠aSocial | Silicio blinda a Taiw√°n de China y EU. M√©xico ser√° estrat√©gico en¬†guerra¬†de¬†chips,Para que M√©xico pueda fabricar esos chips avanzados se necesita invertir cientos de miles de millones de d√≥lares para poder construir estas f√°bricas y es necesario traer empresas tecnolog√≠as avanzadas de este sector...
PTdZs7ne75w,#Econom√≠aSocial | Silicio blinda a Taiw√°n de China y EU. M√©xico ser√° estrat√©gico en¬†guerra¬†de¬†chips,"La empresa holandesa ASML es lo que fabrica las m√°quinas que fabrican los microprocesadores, la empresa taiwanesa TSMC es la principal fabricante de microprocesadores. Taiw√°n fabrica el 60% de los chips del planeta y el 90% de los chips avanzados..."
PTdZs7ne75w,#Econom√≠aSocial | Silicio blinda a Taiw√°n de China y EU. M√©xico ser√° estrat√©gico en¬†guerra¬†de¬†chips,La planta desalinizadora de agua de Puerto Pe√±asco Sonora le dar√° agua a Arizona y al norte de Sonora...
PTdZs7ne75w,#Econom√≠aSocial | Silicio blinda a Taiw√°n de China y EU. M√©xico ser√° estrat√©gico en¬†guerra¬†de¬†chips,"Gracias al nearshoring y a la regionalizaci√≥n de la producci√≥n M√©xico tendr√° acceso a esas tecnolog√≠as avanzadas que s√≥lo Taiw√°n, Sur Corea, China y Jap√≥n tienen en este momento...‚ù§"
PTdZs7ne75w,#Econom√≠aSocial | Silicio blinda a Taiw√°n de China y EU. M√©xico ser√° estrat√©gico en¬†guerra¬†de¬†chips,Si sesgos. El an√°lisis es claro y real.
PTdZs7ne75w,#Econom√≠aSocial | Silicio blinda a Taiw√°n de China y EU. M√©xico ser√° estrat√©gico en¬†guerra¬†de¬†chips,saludos desde merida
PTdZs7ne75w,#Econom√≠aSocial | Silicio blinda a Taiw√°n de China y EU. M√©xico ser√° estrat√©gico en¬†guerra¬†de¬†chips,Fue un gusto compartir con ustedes un poquito de nuestra visita a Taipei en medio de la era del nearshoring-
5KY9-ChLsc4,Silicio y vitamina C para tratar la flacidez,Buena informaci√≥n  excelente
5KY9-ChLsc4,Silicio y vitamina C para tratar la flacidez,Me gusta mucho gracias
5KY9-ChLsc4,Silicio y vitamina C para tratar la flacidez,D√≥nde me comunico soy de Colombia
5KY9-ChLsc4,Silicio y vitamina C para tratar la flacidez,Doctor erik soy colombiana me interesa
5KY9-ChLsc4,Silicio y vitamina C para tratar la flacidez,Gracias dr.Erick
5KY9-ChLsc4,Silicio y vitamina C para tratar la flacidez,Gracias dr Erickü§óüåπüåà
5KY9-ChLsc4,Silicio y vitamina C para tratar la flacidez,"Hola doctor me gusta mucho sus videos, quisiera aprender m√°s de sus cursos . Cu√°nto cobra la clase. En pesos mexicanos."
5KY9-ChLsc4,Silicio y vitamina C para tratar la flacidez,se pueden usar juntos en mesoterapia inyectable o dermapen??
5KY9-ChLsc4,Silicio y vitamina C para tratar la flacidez,Ustedes venden silicio org√°nico inyectable? Saludos!
5KY9-ChLsc4,Silicio y vitamina C para tratar la flacidez,muchas gracias Doc por compartir sus conocimientos...un abrazote desde Cali Colombia...
5KY9-ChLsc4,Silicio y vitamina C para tratar la flacidez,Doc
5KY9-ChLsc4,Silicio y vitamina C para tratar la flacidez,"Grande Dic
Gracias"
5KY9-ChLsc4,Silicio y vitamina C para tratar la flacidez,üòç! Saludos ü§ù ! Gracias por compartir sus conocimientos!
5KY9-ChLsc4,Silicio y vitamina C para tratar la flacidez,üëåexcelente buenas tardes. Desde Bogot√° un saludo. Gracias por su compartir.
5KY9-ChLsc4,Silicio y vitamina C para tratar la flacidez,Hola buen d√≠a gusto en verlo
JmX0x2Gfycw,¬øSILICIO: NUTRIENTE O BIOESTIMULANTE?  Dr. Manuel Iv√°n G√≥mez,"Buenas tardes, le escribo desde Panam√°, y quisiera saber m√°s de su empresa, su origen y materias primas q usan soy productor y me gustar√≠a probarlos y ver si ustedes ac√° se puede vender"
